<?xml version="1.0" encoding="iso-8859-1"?>
<!DOCTYPE muclient>

<muclient>
<plugin
   name="Aardwolf_Inviter"
   author="Pwar"
   id="56e7e7121bf320c3510ee2e0"
   language="Lua"
   purpose="Group plugin to let people invite others and themselves"
   date_written="2017-12-21 01:08:25"
   requires="4.76"
   version="1.0"
   save_state="y"
   >
<description trim="y">
<![CDATA[

]]>
</description>

</plugin>
<aliases>
  <alias
   match="^ikey (?<key>.+?)$"
   script="set_invitekey"
   enabled="y"
   sequence="100"
   regexp="y"
  >
  </alias>
  <alias
   match="^ikey$"
   script="set_invitekey"
   enabled="y"
   sequence="100"
   regexp="y"
  >
  </alias>
  <alias
   match="^ilist (.+)$"
   script="invite_list"
   enabled="y"
   sequence="100"
   regexp="y"
  >
  </alias>
    <alias
   match="^ilist$"
   script="invite_list"
   enabled="y"
   sequence="100"
   regexp="y"
  >
  </alias>
</aliases>
<triggers>
  <trigger
   enabled="y"
   match="^CLAN\: Grab a gun\, (.+)\, and join the battle\!$"
   regexp="y"
   script="invite_auto"
   keep_evaluating="n"
   sequence="99"
  >
  </trigger>
  <trigger
   enabled="y"
   match="^\(Friend\)\: (.+) has entered Aardwolf\.$"
   regexp="y"
   script="invite_auto"
   keep_evaluating="n"
   sequence="99"
  >
  </trigger>
  <trigger
  enabled="n"
  group="Alert"
  match="^\(Group\) (?<name>.+) has joined the group\.$"
  name="GroupJoinTrigger"
  regexp="y"
  send_to="12"
  sequence="100"
  script="event_group_join"
  >
  </trigger>
</triggers>
<script>
<![CDATA[

require "serialize"
require "gmcphelper"
dofile (GetInfo(60) .. "aardwolf_colors.lua")
local info = {}
local inviteList = {}
init_gmcp_called = false

local passKey = "invite"

function set_invitekey(alias, line, wc)
	if wc.key == nil then
		ColourTell("cornflowerblue", "", "\r\nInvite is currently set to: " .. passKey .. "\r\n")
		ColourTell("cornflowerblue", "", "\r\nType ", "MediumSeaGreen", "", "ikey <newphrase>", "cornflowerblue", "", " to change it.\r\n")
		return
	end
	passKey = wc.key
	ColourTell("cornflowerblue", "", "\r\nInvite key set to: " .. wc.key .. "\r\n")
	ColourTell("cornflowerblue", "", "\r\nYou will now invite people who send this message to you in a tell.\r\n")
	SaveState()
end

function set_ikey(key)
   local msg
   if key == nil then
      msg = "Invite pass key is currently: " .. passKey
      return msg
   end
   passKey = key
   SaveState()
   msg = "Invite pass key has been set to: " .. passKey
   return msg
end

function event_group_join(name, line, wc)

end

function invite_list(name, line, wc)
         if wc[1] == nil then
            ColourTell("cornflowerblue", "", "\r\nInvite List\r\n--------------\r\n")
            for i = 1, #inviteList do
               ColourTell("cornflowerblue", "", inviteList[i] .. "\r\n")
            end
            print("")
         return
         end
         if check_invite_list(wc[1]) then
            invite_list_remove(wc[1])
            return
         else
            table.insert(inviteList, wc[1])
            ColourTell("cornflowerblue", "", "Added player " .. wc[1] .. " to auto-invite and commands list.\r\n")
            SaveState()
         end
end

function invite_list_add(name)
   local msg
   if check_invite_list(name) then
      msg = "Removed player " .. name .. " from auto-invite list."
      invite_list_remove(name)
      return msg
   else
      table.insert(inviteList, name)
      msg = "Added player " .. name .. " to auto-invite and commands list."
      SaveState()
      return msg
   end

end

function check_invite_list(name)
   for i = 1, #inviteList do
      if string.lower(name) == string.lower(inviteList[i]) then
         return true
      end
   end
   return false
end

function invite_list_remove(name)
   for i = 1, #inviteList do
      if i > #inviteList then return end
      if string.lower(name) == string.lower(inviteList[i]) then
         table.remove(inviteList, i)
         ColourTell("cornflowerblue", "", "Removed player " .. name .. " from auto-invite list.\r\n")
      end
   end
end

function invite_auto(name, line, wc)
   if check_invite_list(wc[1]) and isLeader() then
      ColourTell("cornflowerblue", "", "Automatically inviting player " .. wc[1] .. ".\r\n")
      SendNoEcho("group invite " .. wc[1])
   end

end

function OnPluginBroadcast (msg, id, name, text)

   if (id == '3e7dedbe37e44942dd46d264') then              -- GMCP Handler plugin
      if (text == "char.base") then
         info.self = gmcp("char.base.name")
      elseif (text == "group") then
         info.leader = gmcp("group.leader")
		elseif (text == "room.info") then
         if not init_gmcp_called then
            init_gmcp_called = true
            init_gmcp()
         end
      elseif (text == "char.vitals") then
         if not init_gmcp_called then
            init_gmcp_called = true
            init_gmcp()
         end
         
		elseif (text == "comm.channel") then
			local channel = gmcp("comm.channel.chan")
			local msg = strip_colours(gmcp("comm.channel.msg"))

			if channel == "gtell" then
            if isLeader() then
               parse_group_command(msg)
            end
				
			elseif channel == "tell" then
				local playerName = string.match(msg, "^(.+) tells you '" .. passKey .. "'")
				if playerName ~= nil then
					local names = {}
					local realname
					for i in string.gmatch(playerName, "%S+") do
						table.insert(names, i)
					end
					if #names > 1 then
						realname = names[#names]
					else
						realname = playerName
					end
               if isLeader() then
                  SendNoEcho("tell " .. realname .. " Okay.. inviting you now..")
                  SendNoEcho("gtell " .. playerName .. " has requested an invite to the party.")
                  SendNoEcho("group invite " .. realname)
               else
                  if info.leader ~= nil then
                     SendNoEcho("tell " .. realname .. " " .. info.leader .. " is the leader of the group I'm in right now. Try asking them!")
                  else
                     SendNoEcho("tell " .. realname .. " I'm not in a group right now, sorry!")
                  end
               end
				end
			end
		end
	end
end

function parse_group_command(message)
   local originalMessage = message
   local command
   --message = strip_colours(message)
   local playerName, message = string.match(message, "^%(Group%) (.+): '(.+)'")
   local args = {}
   local names = {}
   local realname
   if playerName == nil then return end
   for i in string.gmatch(playerName, "%S+") do
		table.insert(names, i)
	end
	if #names > 1 then
		playerName = names[#names]
	end
   
   if message ~= nil then
      for i in string.gmatch(message, "%S+") do
               table.insert(args, i)
      end
   end

   if args[1] ~= nil then command = args[1] table.remove(args, 1) end
   if command == nil or not isLeader() then return end

   local allArgs = table.concat(args, " ", 1)
         
   if (command == "invite" or command == "summon") and args[1] ~= nil then
      allArgs = table.concat(args, " ", 2)
      SendNoEcho("gtell :is sending group invitation to " .. args[1] .. " for " .. playerName .. " (" .. allArgs .. ")")
      SendNoEcho("tell " .. args[1] .. " " .. playerName .. " has asked that I invite you to the party! (" .. allArgs .. ")")
      SendNoEcho("group invite " .. args[1])
   elseif command == "leader" and args[1] ~=nil and check_invite_list(playerName) then
      SendNoEcho("gtell :is passing group lead to " .. args[1] .. " for " .. playerName .. ".")
      SendNoEcho("group leader " .. args[1])
   elseif command == "rename" and args[1] ~=nil and check_invite_list(playerName) then
      --SendNoEcho("gtell :is renaming group to " .. allArgs .. " for " .. playerName .. ".")
      SendNoEcho("group rename " .. allArgs)
   elseif command == "commands" and check_invite_list(playerName) then
      SendNoEcho("gt Valid commands are: commands, rename, leader, invite, summon, ilist, ikey")
   elseif command == "ikey" and check_invite_list(playerName) then
      SendNoEcho("gt " .. set_ikey(args[1]))
   elseif command == "ilist" and check_invite_list(playerName) then
      if args[1] ~= nil then
      --print(playerName)
      --print(args[1])
         SendNoEcho("gt " .. invite_list_add(args[1]))
         SendNoEcho("tell " .. args[1] .. " " .. playerName .. " has added you to my auto-invite and commands list.")
      else
         SendNoEcho("gt Access list:")
         SendNoEcho("gt " .. table.concat(inviteList, ", ", 1))
      end
   end
end

function isLeader()
   if info.self == info.leader then return true else return false end
end

function OnPluginSaveState()
   SetVariable("inviteKey", passKey)
   SetVariable("inviteList", serialize.save_simple(inviteList))
end

function init_gmcp()
   Send_GMCP_Packet("request char")
end

function OnPluginInstall()

	ColourTell("cornflowerblue", "", "\r\nAardwolf Inviter plugin loaded.\r\n")
	ColourTell("cornflowerblue", "", "If you are party leader, you will automatically invite people who send you the keyword \"", "MediumSeaGreen", "", passKey, "cornflowerblue", "", "\" by tells.\r\n")
	ColourTell("cornflowerblue", "", "This keyword can be changed by typing \"", "MediumSeaGreen", "", "ikey <newphrase>", "cornflowerblue", "", "\".\r\n\r\n")
   ColourTell("cornflowerblue", "", "You can list all commands by typing \"", "MediumSeaGreen", "", "commands", "cornflowerblue", "", "\" in group chat.\r\n\r\n")
	passKey = GetVariable("inviteKey") or "invite"
   if (GetVariable("inviteList") ~= nil) then
		local mystr = GetVariable("inviteList")
		inviteList = load( "return "..mystr)( )
	end
end

function OnPluginSaveState()
   if passKey ~= nill then
      SetVariable("inviteKey", passKey)
   end
   if inviteList ~= nil then
      SetVariable("inviteList", serialize.save_simple(inviteList))
   end
end

]]>
</script> 

</muclient>
